{
  "avg_response_time_rural_a": [[1166.07, 1415.8, 1448, 1401.07, 1492.07, 1592.27, 1556.87, 1389.93, 1500.53, 1714.6, 1437.87, 1592.53, 1364.47, 1412.8, 1284.07, 1270.4, 1360.8, 1286, 1500.87, 1552.93], [1258.6, 1265.4, 1492.07, 1437.87, 1286, 1166.07, 1511.13, 1502.2, 1284.07, 1349.67, 1219.13, 1475.87, 1412.8, 1530.33, 1270.4, 1412.33, 1577.8, 1272.73, 1592.53, 1364.47]],
  "avg_response_time_rural_h": [[2911.38, 3531.12, 3090.12, 3101, 2405, 3556.75, 4177.5, 4219.88, 2867.12, 4683.5, 2594.38, 2593.12, 2961.62, 2997.25, 3112.62, 2813.75, 3529.12, 2656.5, 3165.62, 3818.25], [2710, 2816.25, 2405, 2594.38, 2656.5, 2911.38, 2428.12, 2930.5, 3112.62, 3213.88, 3666.38, 3815.62, 2997.25, 3115.25, 2813.75, 3106.5, 2730.5, 2458.25, 2593.12, 2961.62]],
  "avg_response_time_rural_v1": [[10245.4, 13160.4, 10230.8, 14131.2, 8647.5, 13763.2, 20624.6, 11561.8, 12507, 12986, 15466.2, 16165, 8188.88, 11662.1, 17340.4, 11385.4, 11810.5, 11568.5, 12166.6, 10882.6], [9439.25, 11933.9, 8647.5, 15466.2, 11568.5, 10245.4, 12027.2, 13780.5, 17340.4, 11176.6, 12900.6, 12173.2, 11662.1, 15219.1, 11385.4, 16707.4, 11894, 9273.38, 16165, 8188.88]],
  "avg_response_time_urban_a": [[850.068, 979.23, 882.108, 883.419, 809.473, 935.27, 942.27, 881.581, 909.27, 933.959, 832.095, 966.797, 923.243, 854.878, 867.676, 938.054, 852.973, 876.122, 1018.26, 873.716], [808.851, 866.824, 809.473, 832.095, 876.122, 850.068, 887.892, 889.703, 867.676, 873.689, 914.081, 832.419, 854.878, 853.27, 938.054, 882.919, 891.932, 954.419, 966.797, 923.243]],
  "avg_response_time_urban_h": [[2345.69, 2418.44, 2404.3, 2232.69, 2086.36, 3031.83, 2889.08, 2664.98, 2458.6, 3034.53, 2285.63, 2252.56, 2211.19, 2224.38, 2535.63, 2205.9, 2503.14, 2157.58, 2600.8, 2572.76], [2007.86, 2365.65, 2086.36, 2285.63, 2157.58, 2345.69, 2334.97, 2245.03, 2535.63, 2123.76, 2195.59, 2238.6, 2224.38, 2496.52, 2205.9, 2374.97, 2034.65, 2205.15, 2252.56, 2211.19]],
  "avg_response_time_urban_v1": [[14327.6, 16393.4, 18912.9, 15803.7, 13436.7, 17302.7, 20190.6, 13458.4, 15546.3, 17530.3, 16259.6, 14556.2, 15979.7, 16332.1, 14754.3, 16108.4, 14011.3, 13638.9, 16536.3, 14483.3], [13311.5, 14750.5, 13436.7, 16259.6, 13638.9, 14327.6, 14216, 16218.6, 14754.3, 14122.1, 14475.1, 15719, 16332.1, 14631.5, 16108.4, 16761.1, 16677.7, 14794.4, 14556.2, 15979.7]],
  "crowding_distance": [[1.79769e+308, 1.79769e+308, 1.79769e+308, 1.79769e+308, 1.79769e+308, 1.79769e+308, 1.79769e+308, 1.79769e+308, 1.79769e+308, 1.79769e+308, 0.939194, 1.79769e+308, 1.79769e+308, 1.79769e+308, 1.79769e+308, 1.79769e+308, 1.79769e+308, 1.32111, 1.79769e+308, 1.79769e+308], [1.79769e+308, 1.79769e+308, 1.79769e+308, 0.939194, 1.32111, 1.79769e+308, 1.79769e+308, 1.3337, 0.817817, 0.70002, 1.79769e+308, 1.79769e+308, 0.985882, 1.01412, 1.79769e+308, 1.79769e+308, 1.79769e+308, 1.79769e+308, 1.26636, 0.674547]],
  "diversity": [[1], [1]],
  "front_number": [[0, 6, 5, 4, 0, 10, 9, 4, 5, 7, 0, 3, 3, 2, 1, 2, 4, 0, 7, 8], [0, 0, 1, 1, 1, 1, 2, 2, 2, 2, 2, 3, 3, 3, 3, 3, 4, 4, 4, 4]],
  "percentage_violations": [[0.508197, 0.562842, 0.557377, 0.557377, 0.459016, 0.63388, 0.617486, 0.551913, 0.557377, 0.579235, 0.47541, 0.52459, 0.52459, 0.519126, 0.502732, 0.52459, 0.551913, 0.47541, 0.57377, 0.579235], [0.442623, 0.491803, 0.459016, 0.47541, 0.47541, 0.508197, 0.480874, 0.491803, 0.502732, 0.502732, 0.519126, 0.513661, 0.519126, 0.519126, 0.52459, 0.52459, 0.519126, 0.535519, 0.52459, 0.52459]],
  "percentage_violations_rural": [[0.304348, 0.521739, 0.521739, 0.478261, 0.521739, 0.565217, 0.565217, 0.521739, 0.565217, 0.521739, 0.434783, 0.478261, 0.434783, 0.434783, 0.391304, 0.391304, 0.521739, 0.391304, 0.565217, 0.565217], [0.391304, 0.304348, 0.521739, 0.434783, 0.391304, 0.304348, 0.521739, 0.478261, 0.391304, 0.391304, 0.347826, 0.521739, 0.434783, 0.434783, 0.391304, 0.391304, 0.565217, 0.391304, 0.478261, 0.434783]],
  "percentage_violations_urban": [[0.5375, 0.56875, 0.5625, 0.56875, 0.45, 0.64375, 0.625, 0.55625, 0.55625, 0.5875, 0.48125, 0.53125, 0.5375, 0.53125, 0.51875, 0.54375, 0.55625, 0.4875, 0.575, 0.58125], [0.45, 0.51875, 0.45, 0.48125, 0.4875, 0.5375, 0.475, 0.49375, 0.51875, 0.51875, 0.54375, 0.5125, 0.53125, 0.53125, 0.54375, 0.54375, 0.5125, 0.55625, 0.53125, 0.5375]]
}
