{
  "avg_response_time_rural_a": [[1485.07, 1458.87, 1365.73, 1724.47, 1511.53, 1856.53, 1486.33, 1699.8, 1636.67, 1452.53, 1395.73, 1489.53, 1391.73, 1446, 1493.33, 1548.27, 1546.53, 1531.27, 1545.27, 1473.27], [1473.27, 1395.73, 1415, 1485.07, 1420.2, 1519.8, 1493.33, 1489.53, 1505.2, 1365.73, 1548.2, 1486.33, 1510.93, 1636.67, 1511.53, 1391.73, 1580.6, 1524.27, 1685.27, 1565.33]],
  "avg_response_time_rural_h": [[3464.88, 4436.25, 4747.62, 4059.38, 4349, 4105.88, 3748.5, 5789.12, 3003.38, 4479.62, 4121.25, 3416.12, 3302.5, 3637.62, 6484.62, 4810.88, 5429, 4088.62, 5401.88, 3235.5], [3235.5, 4121.25, 3028, 3464.88, 4751, 4157.62, 3353.5, 3416.12, 4544.5, 4747.62, 3971, 3748.5, 4295, 3003.38, 4349, 3302.5, 3591.38, 4297, 2994.62, 5135.12]],
  "avg_response_time_rural_v1": [[23388.8, 13601.5, 11812.2, 25678.2, 12661.9, 21979.6, 13358.5, 20142.1, 12043.2, 14641.2, 28044.1, 15723.8, 20960.6, 17943.1, 19905.9, 10729.9, 13289.1, 14960.2, 19372, 12836.4], [12836.4, 28044.1, 13864.4, 23388.8, 27508.5, 12687.4, 13302.9, 15723.8, 20926.2, 11812.2, 13409.4, 13358.5, 13804.6, 12043.2, 12661.9, 20960.6, 11686.4, 11759.5, 9803.88, 23087.9]],
  "avg_response_time_urban_a": [[896.919, 965.743, 942.514, 1071.96, 963.905, 1053.39, 945.851, 1118.38, 975.878, 941.932, 944.716, 894.162, 924.365, 980.392, 1004.76, 1038.57, 959.446, 929.865, 1041.97, 926.743], [926.743, 944.716, 864.865, 896.919, 1022.04, 915.635, 887.649, 894.162, 988.946, 942.514, 921.608, 945.851, 947.77, 975.878, 963.905, 924.365, 891.189, 938.108, 968.946, 962.243]],
  "avg_response_time_urban_h": [[2942.71, 2769.55, 2621.4, 3726.24, 2676.51, 3356.88, 2986.22, 3637.21, 2507.38, 3276.27, 3309.36, 2826.34, 2740.24, 2948.58, 3210.17, 2436.14, 2961.73, 2875.1, 3411.49, 2433.93], [2433.93, 3309.36, 2212.34, 2942.71, 3207.71, 2641.95, 2860.77, 2826.34, 2919.57, 2621.4, 2638.77, 2986.22, 3113.26, 2507.38, 2676.51, 2740.24, 2844.19, 2619.73, 2537.99, 2979.99]],
  "avg_response_time_urban_v1": [[19816.6, 19870.6, 18585.3, 23097.6, 18361.4, 23262.8, 18742.2, 26804, 19114.1, 21029.7, 20003.7, 18969.6, 19319.7, 21170.6, 19551.9, 19253.1, 20582.7, 19668, 23692.2, 18773.7], [18773.7, 20003.7, 18420.1, 19816.6, 21583.4, 18898.6, 19099.4, 18969.6, 19066.2, 18585.3, 17907.9, 18742.2, 20050.9, 19114.1, 18361.4, 19319.7, 18291.9, 19108.3, 18962.2, 19640.7]],
  "crowding_distance": [[1.79769e+308, 1.79769e+308, 1.79769e+308, 1.79769e+308, 2, 1.79769e+308, 1.79769e+308, 1.79769e+308, 1.79769e+308, 1.79769e+308, 1.79769e+308, 1.79769e+308, 1.79769e+308, 1.79769e+308, 1.79769e+308, 1.79769e+308, 1.79769e+308, 1.79769e+308, 1.79769e+308, 1.79769e+308], [1.79769e+308, 1.79769e+308, 1.79769e+308, 2, 1.79769e+308, 1.79769e+308, 2, 1.79769e+308, 1.79769e+308, 1.79769e+308, 1.79769e+308, 1.79769e+308, 1.79769e+308, 1.79769e+308, 2, 1.79769e+308, 1.79769e+308, 1.79769e+308, 2, 1.79769e+308]],
  "diversity": [[1], [1]],
  "front_number": [[1, 3, 1, 9, 2, 8, 3, 8, 2, 7, 0, 2, 4, 6, 5, 5, 4, 6, 9, 0], [0, 0, 1, 1, 1, 2, 2, 2, 2, 3, 3, 3, 3, 4, 4, 4, 5, 5, 5, 5]],
  "percentage_violations": [[0.557377, 0.579235, 0.551913, 0.677596, 0.562842, 0.661202, 0.584699, 0.721311, 0.562842, 0.650273, 0.606557, 0.568306, 0.590164, 0.628415, 0.595628, 0.606557, 0.584699, 0.612022, 0.666667, 0.52459], [0.52459, 0.606557, 0.540984, 0.557377, 0.606557, 0.546448, 0.546448, 0.568306, 0.568306, 0.551913, 0.551913, 0.584699, 0.584699, 0.562842, 0.562842, 0.590164, 0.568306, 0.568306, 0.57377, 0.595628]],
  "percentage_violations_rural": [[0.478261, 0.521739, 0.521739, 0.608696, 0.521739, 0.608696, 0.478261, 0.565217, 0.565217, 0.565217, 0.391304, 0.478261, 0.478261, 0.478261, 0.565217, 0.478261, 0.521739, 0.521739, 0.652174, 0.434783], [0.434783, 0.391304, 0.521739, 0.478261, 0.434783, 0.565217, 0.521739, 0.478261, 0.478261, 0.521739, 0.521739, 0.478261, 0.478261, 0.565217, 0.521739, 0.478261, 0.565217, 0.565217, 0.521739, 0.478261]],
  "percentage_violations_urban": [[0.56875, 0.5875, 0.55625, 0.6875, 0.56875, 0.66875, 0.6, 0.74375, 0.5625, 0.6625, 0.6375, 0.58125, 0.60625, 0.65, 0.6, 0.625, 0.59375, 0.625, 0.66875, 0.5375], [0.5375, 0.6375, 0.54375, 0.56875, 0.63125, 0.54375, 0.55, 0.58125, 0.58125, 0.55625, 0.55625, 0.6, 0.6, 0.5625, 0.56875, 0.60625, 0.56875, 0.56875, 0.58125, 0.6125]]
}
