{
  "avg_response_time_rural_a": [[1417, 1399.27, 1301.47, 1646.27, 1371.6, 1705.93, 1605.07, 1311.8, 1423.27, 1612.33, 1587.6, 1556.47, 1470, 1531.07, 1355.8, 1529.73, 1557.53, 1625.73, 1604.8, 1271.67], [1557.53, 1383.4, 1250.87, 1397.93, 1301.47, 1387.93, 1169.73, 1543.87, 1423.27, 1311.8, 1541.07, 1406.33, 1587.6, 1556.47, 1613.2, 1399.27, 1529.73, 1529.73, 1430.27, 1271.67]],
  "avg_response_time_rural_h": [[3113, 3367, 3793.5, 4346.75, 4484.38, 4847.75, 2775.12, 2514.38, 3336.25, 4431, 3818.62, 3017.75, 3638.38, 3238.88, 2945.75, 4088, 3849.38, 3109, 3796.62, 3560.5], [3849.38, 3434.5, 3021.62, 3383.12, 3793.5, 2905.5, 3262, 3847.38, 3336.25, 2514.38, 3238.38, 4128.38, 3818.62, 3017.75, 3375.25, 3367, 4088, 4088, 3282.38, 3560.5]],
  "avg_response_time_rural_v1": [[16667.8, 17944.1, 13323.8, 11764.2, 18433.1, 25900.8, 16568.9, 15286.4, 15303.6, 21126.2, 16396.6, 23047.9, 14548, 17466.6, 18362.4, 17251.2, 13037, 19171.6, 13011, 13266.2], [13037, 17731, 18436.2, 13924.5, 13323.8, 13701.6, 14223, 10237.1, 15303.6, 15286.4, 13515.4, 12608.2, 16396.6, 23047.9, 15842.2, 17944.1, 17251.2, 17251.2, 13105.4, 13266.2]],
  "avg_response_time_urban_a": [[915.811, 948.149, 945.568, 1031.54, 996.649, 1011.01, 923.595, 900.405, 899.189, 985.946, 985.149, 932.568, 1019.7, 986.973, 1003.15, 889.473, 818.176, 894.554, 953.432, 1003.5], [818.176, 854.459, 860.297, 920.892, 945.568, 872.216, 941.703, 890.324, 899.189, 900.405, 867.014, 810.541, 985.149, 932.568, 963.77, 948.149, 889.473, 889.473, 1015.27, 1003.5]],
  "avg_response_time_urban_h": [[2562.69, 2269.07, 2283.06, 3392.42, 2561.65, 2683.56, 2639.12, 2717.42, 2430.06, 2670.12, 2776.87, 2785.88, 2510.57, 2969.9, 2679.06, 2546.92, 2248.43, 2834.01, 2479.22, 2798.73], [2248.43, 2178.34, 2421.4, 2435.09, 2283.06, 2479.01, 2469.55, 2160.58, 2430.06, 2717.42, 2589.57, 2961.78, 2776.87, 2785.88, 2254.28, 2269.07, 2546.92, 2546.92, 2299.08, 2798.73]],
  "avg_response_time_urban_v1": [[17457, 15105.5, 16547.6, 20127.4, 19128, 19606.3, 20599.7, 15828.6, 19855.2, 19313.2, 18031.6, 20232, 19957.4, 19768.2, 19339.8, 17333.8, 17615, 22646.5, 17954.3, 18825], [17615, 16070.2, 19403.4, 17018.6, 16547.6, 16405.3, 16050.3, 17841.3, 19855.2, 15828.6, 17652.3, 18239.1, 18031.6, 20232, 16392.8, 15105.5, 17333.8, 17333.8, 16141.1, 18825]],
  "crowding_distance": [[1.51224, 1.79769e+308, 1.79769e+308, 1.79769e+308, 1.79769e+308, 2, 0.899041, 1.79769e+308, 2, 1.79769e+308, 1.79769e+308, 1.79769e+308, 1.79769e+308, 1.79769e+308, 1.79769e+308, 1.79769e+308, 1.79769e+308, 1.79769e+308, 1.79769e+308, 1.79769e+308], [1.79769e+308, 0.911255, 0.489838, 0.48676, 0.274121, 0.814624, 1.79769e+308, 1.79769e+308, 2, 1.79769e+308, 1.79769e+308, 1.2271, 1.10795, 1.79769e+308, 1.79769e+308, 0.470209, 0, 0.56328, 1.42773, 1.79769e+308]],
  "diversity": [[1], [0.9]],
  "front_number": [[4, 1, 0, 7, 6, 5, 4, 1, 0, 5, 2, 2, 5, 6, 4, 1, 0, 4, 3, 3], [0, 0, 0, 0, 0, 0, 0, 1, 1, 1, 2, 2, 2, 2, 3, 3, 3, 3, 3, 3]],
  "percentage_violations": [[0.601093, 0.551913, 0.52459, 0.655738, 0.63388, 0.622951, 0.595628, 0.535519, 0.530055, 0.601093, 0.546448, 0.546448, 0.639344, 0.644809, 0.622951, 0.551913, 0.508197, 0.584699, 0.579235, 0.579235], [0.508197, 0.508197, 0.513661, 0.513661, 0.52459, 0.52459, 0.519126, 0.530055, 0.530055, 0.535519, 0.546448, 0.546448, 0.546448, 0.546448, 0.551913, 0.551913, 0.551913, 0.551913, 0.551913, 0.579235]],
  "percentage_violations_rural": [[0.521739, 0.565217, 0.391304, 0.521739, 0.565217, 0.565217, 0.565217, 0.391304, 0.521739, 0.608696, 0.478261, 0.391304, 0.521739, 0.521739, 0.434783, 0.565217, 0.652174, 0.608696, 0.565217, 0.391304], [0.652174, 0.565217, 0.434783, 0.434783, 0.391304, 0.391304, 0.26087, 0.652174, 0.521739, 0.391304, 0.652174, 0.521739, 0.478261, 0.391304, 0.695652, 0.565217, 0.565217, 0.565217, 0.478261, 0.391304]],
  "percentage_violations_urban": [[0.6125, 0.55, 0.54375, 0.675, 0.64375, 0.63125, 0.6, 0.55625, 0.53125, 0.6, 0.55625, 0.56875, 0.65625, 0.6625, 0.65, 0.55, 0.4875, 0.58125, 0.58125, 0.60625], [0.4875, 0.5, 0.525, 0.525, 0.54375, 0.54375, 0.55625, 0.5125, 0.53125, 0.55625, 0.53125, 0.55, 0.55625, 0.56875, 0.53125, 0.55, 0.55, 0.55, 0.5625, 0.60625]]
}
