{
  "avg_response_time_rural_a": [[1106.87, 1336.33, 1348.93, 1241.67, 1322, 1494.8, 1511.6, 1399.47, 1247.8, 1410.67, 1528, 1370.53, 1363.53, 1659.33, 1398.47, 1256.07, 1298, 1362, 1395.6, 1299.8], [1256.07, 1247.8, 1214.4, 1162.33, 1399.47, 1362, 1183.53, 1398.47, 1422.67, 1357.6, 1348.93, 1174.8, 1494.8, 1283.13, 1317.67, 1370.53, 1106.87, 1285.67, 1241.67, 1322.67]],
  "avg_response_time_rural_h": [[3159.62, 2599.5, 2698.62, 2439.38, 3873.75, 3199.38, 3513.38, 2814.88, 3749.75, 2428.12, 3448.88, 3043.62, 2950.75, 3166.5, 2515.75, 2101.88, 2679.25, 2339.62, 5195.38, 4380.75], [2101.88, 3749.75, 2196, 2444, 2814.88, 2339.62, 2731.38, 2515.75, 2642.5, 2301.5, 2698.62, 2581.88, 3199.38, 2500.75, 2439.62, 3043.62, 3159.62, 2367.12, 2439.38, 2607]],
  "avg_response_time_rural_v1": [[7643.75, 10143, 14026.8, 11539.5, 9506.25, 11543.4, 9181.5, 8961.12, 10615.9, 10305.8, 12892.4, 10577.6, 9045.5, 10308.4, 10723.4, 9274.5, 10760.4, 11720.2, 10052, 13086.5], [9274.5, 10615.9, 10516, 8425.88, 8961.12, 11720.2, 9594.75, 10723.4, 11084.5, 10413.5, 14026.8, 11357.9, 11543.4, 9152.12, 11723.6, 10577.6, 7643.75, 9526.88, 11539.5, 9587.75]],
  "avg_response_time_urban_a": [[910.878, 820.757, 917.811, 886.324, 942.649, 817.392, 893.054, 844.608, 785.189, 893.541, 956.23, 796.446, 868.216, 850.797, 905.311, 810.108, 879.797, 805.311, 920.014, 905.527], [810.108, 785.189, 799.365, 825.284, 844.608, 805.311, 800.595, 905.311, 827.473, 826.959, 917.811, 851.068, 817.392, 930.081, 795.189, 796.446, 910.878, 843.514, 886.324, 884.284]],
  "avg_response_time_urban_h": [[2281.58, 1976.44, 2353.21, 2313.77, 2277.79, 2368.78, 1905.01, 1757.66, 2045.93, 1926.1, 2177.98, 2202.38, 2042.79, 2061.6, 1769.66, 1774.45, 2384.17, 1830.52, 2007.49, 2296.58], [1774.45, 2045.93, 1838.55, 1859.27, 1757.66, 1830.52, 1907.38, 1769.66, 1830.02, 1871.88, 2353.21, 2029.38, 2368.78, 1823.94, 2211.14, 2202.38, 2281.58, 2103, 2313.77, 2108.06]],
  "avg_response_time_urban_v1": [[14584.6, 12266.3, 13989.6, 13629.8, 12129, 10928.9, 13014.8, 11505.7, 11416.3, 15356.7, 13634.2, 11781.9, 13706.9, 13341.4, 10903.8, 10314.3, 12277, 10469.8, 12669.4, 12904.5], [10314.3, 11416.3, 10443.2, 10510.9, 11505.7, 10469.8, 11333.2, 10903.8, 11627.1, 11437.1, 13989.6, 13259.5, 10928.9, 10350.3, 12934.9, 11781.9, 14584.6, 11059.1, 13629.8, 11431.8]],
  "crowding_distance": [[1.79769e+308, 1.79769e+308, 2, 2, 1.79769e+308, 1.79769e+308, 1.79769e+308, 1.79769e+308, 1.79769e+308, 1.79769e+308, 1.79769e+308, 1.79769e+308, 1.79769e+308, 1.79769e+308, 1.79769e+308, 1.79769e+308, 2, 2, 1.79769e+308, 1.79769e+308], [1.79769e+308, 1.79769e+308, 1.79769e+308, 1.79769e+308, 1.79769e+308, 1.1329, 1.36567, 1.79769e+308, 1.79769e+308, 1.55443, 1.4369, 1.79769e+308, 1.79769e+308, 0.89073, 0.822436, 1.10927, 1.79769e+308, 1.79769e+308, 2, 1.79769e+308]],
  "diversity": [[1], [1]],
  "front_number": [[2, 4, 2, 3, 5, 2, 3, 1, 0, 5, 6, 3, 4, 3, 1, 0, 5, 1, 6, 4], [0, 0, 1, 1, 2, 2, 2, 2, 3, 3, 3, 3, 4, 4, 4, 4, 4, 5, 5, 5]],
  "percentage_violations": [[0.508197, 0.486339, 0.47541, 0.480874, 0.535519, 0.464481, 0.508197, 0.415301, 0.42623, 0.497268, 0.551913, 0.480874, 0.486339, 0.508197, 0.442623, 0.382514, 0.52459, 0.415301, 0.519126, 0.508197], [0.382514, 0.42623, 0.393443, 0.42623, 0.415301, 0.415301, 0.420765, 0.442623, 0.442623, 0.431694, 0.47541, 0.480874, 0.464481, 0.464481, 0.47541, 0.480874, 0.508197, 0.47541, 0.480874, 0.491803]],
  "percentage_violations_rural": [[0.304348, 0.434783, 0.347826, 0.391304, 0.434783, 0.521739, 0.652174, 0.478261, 0.217391, 0.521739, 0.478261, 0.347826, 0.434783, 0.652174, 0.304348, 0.304348, 0.478261, 0.391304, 0.521739, 0.391304], [0.304348, 0.217391, 0.347826, 0.304348, 0.478261, 0.391304, 0.347826, 0.304348, 0.521739, 0.391304, 0.347826, 0.304348, 0.521739, 0.434783, 0.391304, 0.347826, 0.304348, 0.434783, 0.391304, 0.347826]],
  "percentage_violations_urban": [[0.5375, 0.49375, 0.49375, 0.49375, 0.55, 0.45625, 0.4875, 0.40625, 0.45625, 0.49375, 0.5625, 0.5, 0.49375, 0.4875, 0.4625, 0.39375, 0.53125, 0.41875, 0.51875, 0.525], [0.39375, 0.45625, 0.4, 0.44375, 0.40625, 0.41875, 0.43125, 0.4625, 0.43125, 0.4375, 0.49375, 0.50625, 0.45625, 0.46875, 0.4875, 0.5, 0.5375, 0.48125, 0.49375, 0.5125]]
}
