{
  "avg_response_time_rural_a": [[1530.27, 1280.13, 1443.8, 1372.4, 1352.47, 1684.33, 1352.93, 1611.6, 1492.47, 1349.4, 1435.4, 1318.2, 1506.53, 1618.07, 1452.47, 1450.07, 1349.73, 1551.33, 1616.33, 1618.87], [1531.87, 1349.4, 1352.93, 1450.07, 1450.07, 1238.47, 1372.4, 1352.47, 1280.13, 1435.4, 1492.47, 1452.47, 1418.33, 1535.13, 1443.8, 1333.53, 1582.87, 1627.93, 1349.73, 1469.93]],
  "avg_response_time_rural_h": [[3772.5, 4589, 3186.25, 4454, 4199.12, 3913.5, 3435.25, 3898.75, 2868.5, 3415.62, 4600.75, 4025, 4362.12, 2546.38, 4267, 2719.75, 2817.25, 4117, 2986, 3244.5], [3376.88, 3415.62, 3435.25, 2719.75, 2719.75, 3436.12, 4454, 4199.12, 4589, 4600.75, 2868.5, 4267, 3570.62, 4831.62, 3186.25, 3164.25, 2964.5, 4106.12, 2817.25, 2877.38]],
  "avg_response_time_rural_v1": [[18604.6, 16369, 14517.4, 17540.6, 10955, 12693.5, 12562.4, 12574.8, 16044.4, 12555.8, 14079.8, 14775.2, 28220.5, 21384.8, 19037.5, 12047.6, 15960.6, 13121.4, 17367.4, 19415.1], [12524, 12555.8, 12562.4, 12047.6, 12047.6, 14237.4, 17540.6, 10955, 16369, 14079.8, 16044.4, 19037.5, 18986.6, 13748.4, 14517.4, 14555.1, 18656.9, 10015.5, 15960.6, 18568.5]],
  "avg_response_time_urban_a": [[929.216, 916.824, 901.216, 923.716, 915.095, 950.905, 1019.34, 1099.93, 958.432, 875.946, 916.932, 1012.08, 992.932, 964.824, 950.068, 1025.45, 896.338, 925.865, 968.946, 953.959], [988.622, 875.946, 1019.34, 1025.45, 1025.45, 929.797, 923.716, 915.095, 916.824, 916.932, 958.432, 950.068, 983.622, 923.014, 901.216, 921.189, 911.932, 975.338, 896.338, 993.635]],
  "avg_response_time_urban_h": [[2968.45, 2463.05, 2869.43, 3140.27, 2912.81, 3094.91, 2297.08, 3199.93, 2738.83, 2551.94, 2614.14, 2879.77, 2794.02, 2884.08, 2814.99, 2542.66, 2732.55, 2667.4, 3223.58, 3073.7], [2292.94, 2551.94, 2297.08, 2542.66, 2542.66, 2637.94, 3140.27, 2912.81, 2463.05, 2614.14, 2738.83, 2814.99, 2776.79, 2655.55, 2869.43, 2863.35, 2891.93, 2727.79, 2732.55, 2733.81]],
  "avg_response_time_urban_v1": [[18073, 17763.5, 18730.9, 18793.5, 17006.5, 20537.7, 15994.6, 19510.5, 16894.5, 18800.3, 19001.9, 21892.4, 22238.3, 22483.2, 18352.8, 17917.5, 18547.9, 18618.6, 19187.5, 24384.2], [16603.4, 18800.3, 15994.6, 17917.5, 17917.5, 17995.7, 18793.5, 17006.5, 17763.5, 19001.9, 16894.5, 18352.8, 18989.2, 17958.2, 18730.9, 19400.9, 17543, 18367.1, 18547.9, 18085.9]],
  "crowding_distance": [[1.79769e+308, 1.79769e+308, 1.79769e+308, 1.79769e+308, 1.79769e+308, 1.79769e+308, 1.79769e+308, 1.79769e+308, 1.79769e+308, 1.79769e+308, 1.79769e+308, 1.79769e+308, 1.79769e+308, 1.79769e+308, 1.79769e+308, 1.79769e+308, 1.79769e+308, 1.79769e+308, 1.79769e+308, 1.79769e+308], [1.79769e+308, 2, 1.79769e+308, 0, 1.79769e+308, 1.79769e+308, 1.79769e+308, 1.79769e+308, 1.79769e+308, 1.79769e+308, 1.10057, 0.899434, 1.79769e+308, 1.79769e+308, 2, 1.79769e+308, 1.79769e+308, 1.79769e+308, 1.79769e+308, 1.79769e+308]],
  "diversity": [[1], [0.9]],
  "front_number": [[8, 2, 4, 1, 1, 8, 0, 9, 3, 0, 2, 8, 8, 6, 3, 0, 5, 7, 6, 7], [0, 0, 0, 0, 0, 1, 1, 2, 2, 3, 3, 3, 3, 4, 4, 4, 5, 5, 5, 5]],
  "percentage_violations": [[0.639344, 0.540984, 0.57377, 0.535519, 0.535519, 0.644809, 0.52459, 0.644809, 0.557377, 0.530055, 0.562842, 0.639344, 0.644809, 0.590164, 0.557377, 0.52459, 0.579235, 0.617486, 0.612022, 0.617486], [0.530055, 0.530055, 0.52459, 0.52459, 0.52459, 0.530055, 0.535519, 0.535519, 0.540984, 0.562842, 0.557377, 0.557377, 0.557377, 0.568306, 0.57377, 0.595628, 0.584699, 0.584699, 0.579235, 0.579235]],
  "percentage_violations_rural": [[0.565217, 0.347826, 0.478261, 0.347826, 0.434783, 0.695652, 0.347826, 0.565217, 0.478261, 0.478261, 0.565217, 0.565217, 0.695652, 0.565217, 0.478261, 0.347826, 0.478261, 0.565217, 0.478261, 0.565217], [0.521739, 0.478261, 0.347826, 0.347826, 0.347826, 0.391304, 0.347826, 0.434783, 0.347826, 0.565217, 0.478261, 0.478261, 0.434783, 0.608696, 0.478261, 0.434783, 0.608696, 0.608696, 0.478261, 0.478261]],
  "percentage_violations_urban": [[0.65, 0.56875, 0.5875, 0.5625, 0.55, 0.6375, 0.55, 0.65625, 0.56875, 0.5375, 0.5625, 0.65, 0.6375, 0.59375, 0.56875, 0.55, 0.59375, 0.625, 0.63125, 0.625], [0.53125, 0.5375, 0.55, 0.55, 0.55, 0.55, 0.5625, 0.55, 0.56875, 0.5625, 0.56875, 0.56875, 0.575, 0.5625, 0.5875, 0.61875, 0.58125, 0.58125, 0.59375, 0.59375]]
}
