{
  "avg_response_time_rural_a": [[1403.6, 1257.53, 1464.27, 1572.6, 1438.8, 1668.47, 1425, 1571.07, 1226.67, 1376.47, 1672.87, 1479.6, 1321.33, 1428.4, 1479.93, 1497.8, 1436.8, 1295.47, 1688.13, 1162], [1295.47, 1162, 1529.87, 1317.73, 1226.67, 1281.2, 1250.33, 1431.6, 1298.07, 1317.13, 1329.4, 1257.53, 1436.8, 1215.8, 1376.47, 1551.8, 1321.33, 1425, 1403.6, 1474.07]],
  "avg_response_time_rural_h": [[3394, 2828.25, 2752.25, 3164.62, 3380.5, 3034, 3038.12, 4462, 3147, 3522.75, 3193.75, 5504.38, 3600.25, 2837.5, 2840.12, 3366.12, 2973.38, 2457, 2302, 2117], [2457, 2117, 3033.25, 3006.88, 3147, 2500.75, 2005.75, 3116.25, 3149, 3594.62, 3216, 2828.25, 2973.38, 3230.75, 3522.75, 3909.75, 3600.25, 3038.12, 3394, 2817.5]],
  "avg_response_time_rural_v1": [[9512.5, 11140.6, 9544.75, 17669.6, 11462.4, 10768.2, 9571.38, 12167.8, 10383.6, 13161.8, 12213.8, 22181.1, 10894.5, 8761.75, 9357.12, 12470.8, 13290.1, 10490, 14398.1, 10163.4], [10490, 10163.4, 10657.1, 12061, 10383.6, 10592.9, 10224.1, 8755.75, 8154.25, 8187.25, 11893.6, 11140.6, 13290.1, 10331.1, 13161.8, 15921, 10894.5, 9571.38, 9512.5, 11741.8]],
  "avg_response_time_urban_a": [[866.095, 837.203, 832.635, 928.122, 998.689, 979.851, 948.473, 975.892, 862.027, 927.959, 978.284, 957.554, 919.108, 877.122, 891.635, 889.676, 830.473, 869.527, 1011.93, 836.257], [869.527, 836.257, 810.203, 853.514, 862.027, 838.986, 879.838, 824.189, 849.135, 892.541, 936.581, 837.203, 830.473, 887.27, 927.959, 855.689, 919.108, 948.473, 866.095, 871.77]],
  "avg_response_time_urban_h": [[2330.02, 2275.43, 2497.66, 2742.85, 3023.98, 2469.38, 1983.97, 2475.44, 1914.73, 2337.03, 2357.34, 2717.6, 2021.72, 2005.99, 2201.53, 2623.4, 2051.99, 1920.8, 2687.8, 2107.42], [1920.8, 2107.42, 2203.99, 1830.47, 1914.73, 2202.74, 2019.55, 1881.23, 1852.22, 1986.34, 2313.56, 2275.43, 2051.99, 2237.5, 2337.03, 2249.65, 2021.72, 1983.97, 2330.02, 2357.35]],
  "avg_response_time_urban_v1": [[13135.7, 12897.4, 14187.1, 17305.6, 14273.8, 17423.7, 14958.8, 17310.8, 13889, 14893.2, 16182.3, 15147.7, 13449.9, 11919.9, 13879.6, 13170.4, 12763.9, 13089.8, 18089.9, 11952.2], [13089.8, 11952.2, 14004, 12410.5, 13889, 12535, 14129.7, 10596.5, 13089.7, 12700.7, 15461.4, 12897.4, 12763.9, 12141, 14893.2, 13570.5, 13449.9, 14958.8, 13135.7, 15999.9]],
  "crowding_distance": [[1.58002, 1.79769e+308, 1.79769e+308, 1.79769e+308, 0.703807, 1.79769e+308, 1.32349, 1.79769e+308, 1.79769e+308, 1.79769e+308, 1.79769e+308, 1.79769e+308, 1.79769e+308, 1.79769e+308, 1.79769e+308, 1.79769e+308, 1.79769e+308, 1.79769e+308, 1.29619, 1.79769e+308], [1.79769e+308, 1.79769e+308, 1.79769e+308, 0.982895, 1.27347, 1.01711, 1.79769e+308, 1.79769e+308, 1.43621, 0.482305, 1.07354, 1.79769e+308, 1.79769e+308, 2, 1.79769e+308, 1.79769e+308, 0.774526, 0.944942, 1.22547, 1.79769e+308]],
  "diversity": [[1], [1]],
  "front_number": [[3, 2, 4, 8, 9, 6, 3, 7, 1, 3, 9, 10, 3, 5, 5, 9, 2, 0, 9, 0], [0, 0, 1, 1, 1, 1, 1, 2, 2, 2, 2, 2, 3, 3, 3, 4, 4, 4, 4, 4]],
  "percentage_violations": [[0.519126, 0.491803, 0.508197, 0.579235, 0.601093, 0.540984, 0.502732, 0.546448, 0.459016, 0.52459, 0.601093, 0.595628, 0.502732, 0.519126, 0.52459, 0.590164, 0.486339, 0.420765, 0.601093, 0.448087], [0.420765, 0.448087, 0.448087, 0.448087, 0.459016, 0.469945, 0.47541, 0.47541, 0.47541, 0.491803, 0.491803, 0.491803, 0.486339, 0.508197, 0.52459, 0.513661, 0.502732, 0.502732, 0.519126, 0.530055]],
  "percentage_violations_rural": [[0.391304, 0.347826, 0.434783, 0.521739, 0.565217, 0.478261, 0.434783, 0.521739, 0.347826, 0.347826, 0.521739, 0.652174, 0.478261, 0.478261, 0.565217, 0.608696, 0.434783, 0.304348, 0.565217, 0.26087], [0.304348, 0.26087, 0.478261, 0.434783, 0.347826, 0.304348, 0.26087, 0.478261, 0.434783, 0.391304, 0.391304, 0.347826, 0.434783, 0.391304, 0.347826, 0.608696, 0.478261, 0.434783, 0.391304, 0.347826]],
  "percentage_violations_urban": [[0.5375, 0.5125, 0.51875, 0.5875, 0.60625, 0.55, 0.5125, 0.55, 0.475, 0.55, 0.6125, 0.5875, 0.50625, 0.525, 0.51875, 0.5875, 0.49375, 0.4375, 0.60625, 0.475], [0.4375, 0.475, 0.44375, 0.45, 0.475, 0.49375, 0.50625, 0.475, 0.48125, 0.50625, 0.50625, 0.5125, 0.49375, 0.525, 0.55, 0.5, 0.50625, 0.5125, 0.5375, 0.55625]]
}
