{
  "avg_response_time_rural_a": [[1396.07, 1424.4, 1352.33, 1465.4, 1617.6, 1379.13, 1420.53, 1363.2, 1274.73, 1315.47, 1428.53, 1474.53, 1415.6, 1271.47, 1157.67, 1357.47, 1408.93, 1465.4, 1499.47, 1369.4], [1166.53, 1124, 1420.53, 1230.6, 1389.13, 1396.07, 1271.47, 1320.13, 1379.13, 1428.53, 1428.53, 1157.67, 1322.13, 1267.53, 1138.2, 1306.27, 1363.2, 1290.73, 1292.27, 1371.53]],
  "avg_response_time_rural_h": [[3189.88, 2388.88, 3144, 2747.12, 3000, 2795.38, 2405, 2048.25, 2317.5, 3302.88, 2646.5, 3067.25, 2154.62, 2357.25, 2393.38, 3265.62, 2755.62, 3012.25, 2640.88, 2999], [2298.75, 2478.88, 2405, 2452.75, 2452.75, 3189.88, 2357.25, 2511.75, 2795.38, 2646.5, 2646.5, 2393.38, 2509, 2365.25, 2245.88, 3096.25, 2048.25, 2728, 3441, 2696.5]],
  "avg_response_time_rural_v1": [[8264.75, 11893.2, 10382, 15415.9, 9217.12, 9237.12, 8874.5, 13290.9, 8527.62, 14416.8, 9212.75, 10637.1, 8951.88, 8923.75, 10174.8, 12160, 16594.8, 7512.5, 10476.8, 15292.5], [10597.8, 7885, 8874.5, 10321.6, 9126.25, 8264.75, 8923.75, 8839.62, 9237.12, 9212.75, 9212.75, 10174.8, 12694.9, 8552.12, 11856.1, 10242.8, 13290.9, 9908.38, 9430.75, 8217.12]],
  "avg_response_time_urban_a": [[827, 932.635, 812.23, 843.595, 829.189, 810.365, 766.23, 798.473, 848.703, 857.743, 832.851, 878.081, 811.689, 833.014, 815.743, 917.081, 858.676, 862.77, 849.595, 853.986], [804.986, 785.392, 766.23, 777.135, 773.081, 827, 833.014, 871.068, 810.365, 832.851, 832.851, 815.743, 846.5, 817.108, 823.189, 796.068, 798.473, 835.351, 835.919, 783.73]],
  "avg_response_time_urban_h": [[1917.7, 2022.86, 2394.91, 2177.35, 2349.87, 1794.21, 1743.64, 2013.26, 2107.5, 2349.84, 1853.02, 2383.69, 1899.31, 1752.64, 1814.72, 2307, 2056.13, 1876.01, 2024.78, 2288.06], [1590.27, 1840.93, 1743.64, 2031.14, 1801.49, 1917.7, 1752.64, 2038.38, 1794.21, 1853.02, 1853.02, 1814.72, 2074.09, 1854.87, 1916.79, 1833.5, 2013.26, 1849.65, 2167.24, 1878.52]],
  "avg_response_time_urban_v1": [[9883.02, 12697.8, 12317.4, 13286.6, 14546.2, 11409.1, 9129.22, 10859.6, 11286.9, 12983.6, 9352.88, 10491, 10033.8, 10185.5, 9863.29, 14418.7, 15163.9, 9513.85, 13939.1, 12343.7], [8086.5, 10843.9, 9129.22, 10465.1, 10998.7, 9883.02, 10185.5, 10479.8, 11409.1, 9352.88, 9352.88, 9863.29, 11049, 11610.8, 10446.4, 9004.74, 10859.6, 10565.5, 10485.7, 11086.7]],
  "crowding_distance": [[2, 1.79769e+308, 1.37165, 1.79769e+308, 1.79769e+308, 1.79769e+308, 1.79769e+308, 1.79769e+308, 1.79769e+308, 1.79769e+308, 0.797787, 1.79769e+308, 1.79769e+308, 1.79769e+308, 1.62925, 1.79769e+308, 1.79769e+308, 1.79769e+308, 2, 0.628351], [1.79769e+308, 1.79769e+308, 1.79769e+308, 1.79769e+308, 1.79769e+308, 1.45397, 1.41341, 1.79769e+308, 1.79769e+308, 0.308747, 0.35157, 0.871347, 0.739583, 0.600099, 1.79769e+308, 1.79769e+308, 1.03539, 1.43519, 1.79769e+308, 1.79769e+308]],
  "diversity": [[1], [0.95]],
  "front_number": [[0, 6, 4, 4, 8, 1, 0, 2, 1, 7, 1, 5, 3, 0, 1, 5, 4, 3, 3, 4], [0, 0, 1, 1, 2, 2, 2, 2, 3, 3, 3, 3, 3, 3, 3, 4, 4, 4, 4, 5]],
  "percentage_violations": [[0.420765, 0.508197, 0.497268, 0.502732, 0.530055, 0.431694, 0.398907, 0.442623, 0.47541, 0.519126, 0.431694, 0.502732, 0.480874, 0.431694, 0.431694, 0.508197, 0.519126, 0.497268, 0.486339, 0.497268], [0.382514, 0.398907, 0.398907, 0.409836, 0.42623, 0.420765, 0.431694, 0.431694, 0.431694, 0.431694, 0.431694, 0.431694, 0.437158, 0.437158, 0.453552, 0.437158, 0.442623, 0.442623, 0.459016, 0.459016]],
  "percentage_violations_rural": [[0.347826, 0.478261, 0.434783, 0.565217, 0.521739, 0.478261, 0.391304, 0.391304, 0.347826, 0.478261, 0.434783, 0.478261, 0.391304, 0.304348, 0.391304, 0.434783, 0.391304, 0.652174, 0.521739, 0.434783], [0.304348, 0.173913, 0.391304, 0.26087, 0.434783, 0.347826, 0.304348, 0.26087, 0.478261, 0.434783, 0.434783, 0.391304, 0.347826, 0.347826, 0.304348, 0.434783, 0.391304, 0.347826, 0.304348, 0.521739]],
  "percentage_violations_urban": [[0.43125, 0.5125, 0.50625, 0.49375, 0.53125, 0.425, 0.4, 0.45, 0.49375, 0.525, 0.43125, 0.50625, 0.49375, 0.45, 0.4375, 0.51875, 0.5375, 0.475, 0.48125, 0.50625], [0.39375, 0.43125, 0.4, 0.43125, 0.425, 0.43125, 0.45, 0.45625, 0.425, 0.43125, 0.43125, 0.4375, 0.45, 0.45, 0.475, 0.4375, 0.45, 0.45625, 0.48125, 0.45]]
}
